-0.2,1.12714648097081,1.36384724197468
-0.18,1.12909042307997,1.36619941192676
-0.16,1.11827663947237,1.35311473376157
-0.14,1.1095783929453,1.34258985546382
-0.12,1.10758824508143,1.34018177654853
-0.1,1.10739188382553,1.33994417942889
-0.08,1.10855690252331,1.34135385205321
-0.06,1.10402873856108,1.3358747736589
-0.04,1.10473999034425,1.33673538831655
-0.02,1.0961622220222,1.32635628864686
0,1.09400541660189,1.32374655408828
0.02,1.08381538427968,1.31141661497841
0.04,1.07990769759506,1.30668831409003
0.06,1.08136977969074,1.3084574334258
0.08,1.08947558923248,1.3182654629713
0.1,1.08959606743749,1.31841124159936
0.12,1.08596561528118,1.31401839449022
0.14,1.08012388772056,1.30694990414188
0.16,1.08283846260853,1.31023453975632
0.18,1.08281702313834,1.31020859799739
0.2,1.07717495724467,1.30338169826606
0.22,1.070620340897,1.29545061248537
0.24,1.0645343829186,1.28808660333151
0.26,1.0670641347877,1.29114760309311
0.28,1.07576898213687,1.30168046838561
0.3,1.08190774669209,1.30910837349743
0.32,1.08832374577561,1.31687173238849
0.34,1.0927545344102,1.32223298663634
0.36,1.0970747988795,1.32746050664419
0.38,1.09873654264213,1.32947121659698
0.4,1.10462613936463,1.3365976286312
0.42,1.10817405484138,1.34089060635806
0.44,1.10833083756795,1.34108031345722
0.46,1.10501062405045,1.33706285510104
0.48,1.10838200714089,1.34114222864048
0.5,1.12017107541576,1.35540700125307
0.52,1.13037922039381,1.36775885667651
0.54,1.13830187032385,1.37734526309186
0.56,1.13259215920528,1.37043651263839
0.58,1.12763164139534,1.36443428608836
0.6,1.12890890047215,1.3659797695713
0.62,1.14295214949498,1.38297210088893
0.64,1.14920149102206,1.3905338041367
0.66,1.1500315311998,1.39153815275175
0.68,1.13641073479151,1.37505698909773
0.7,1.13546021640877,1.37390686185461
0.72,1.14098674151235,1.38059395722995
0.74,1.14808098826854,1.38917799580493
0.76,1.14884668363242,1.39010448719522
0.78,1.13528199421201,1.37369121299653
0.8,1.14017320338988,1.37960957610175
0.82,1.14664860987232,1.38744481794551
0.84,1.15753500252304,1.40061735305288
0.86,1.16558306807302,1.41035551236836
0.88,1.1688306725474,1.41428511378235
0.9,1.16459624516872,1.40916145665415
0.92,1.15845418020244,1.40172955804496
0.94,1.1507955631565,1.39246263141937
0.96,1.15386494543411,1.39617658397528
0.98,1.14523439693853,1.38573362029562
1,1.13895368830482,1.37813396284883
1.02,1.1401038947578,1.37952571265694
1.04,1.13292053690323,1.37083384965291
1.06,1.13203769014868,1.36976560507991
1.08,1.12262491783067,1.35837615057512
1.1,1.12299456386841,1.35882342228078
1.12,1.11630959448586,1.35073460932789
1.14,1.11030118296551,1.34346443138827
1.16,1.11245138756372,1.34606617895211
1.18,1.11972549352056,1.35486784715987
1.2,1.12481639076867,1.36102783283009
1.22,1.12084929668513,1.35622764898901
1.24,1.11640860681739,1.35085441424905
1.26,1.11588547846414,1.35022142894161
1.28,1.12060506626734,1.35593213018349
1.3,1.12510849034834,1.3613812733215
1.32,1.12223380591947,1.35790290516255
1.34,1.11466762678625,1.34874782841136
1.36,1.11953903349781,1.35464223053235
1.38,1.13599984681729,1.37455981464892
1.4,1.15480886299476,1.39731872422365
1.42,1.16064731654761,1.4043832530226
1.44,1.16276781744635,1.40694905911009
1.46,1.15777263211873,1.40090488486366
1.48,1.15213885685763,1.39408801679773
1.5,1.14791760471986,1.38898030171103
1.52,1.16005651656615,1.40366838504505
1.54,1.17313607196533,1.41949464707804
1.56,1.17969232531688,1.42742771363342
1.58,1.18093164286825,1.42892728787058
1.6,1.18498122082478,1.43382727719798
1.62,1.19106390479542,1.44118732480245
1.64,1.18704400413506,1.43632324500342
1.66,1.18093824369035,1.42893527486532
1.68,1.18367098404074,1.43224189068929
1.7,1.19186260426981,1.44215375116646
1.72,1.19524882600833,1.44625107947008
1.74,1.19691717059306,1.44826977641761
1.76,1.19996841381154,1.45196178071196
1.78,1.20897520916696,1.46286000309202
1.8,1.21,1.4641
1.82,1.19911194394211,1.45092545216995
1.84,1.18262472733422,1.43097592007441
1.86,1.17043633572545,1.41622796622779
1.88,1.17638695044746,1.42342821004143
1.9,1.17967748666879,1.42740975886924
1.92,1.17860979049209,1.42611784649543
1.94,1.16998087900039,1.41567686359047
1.96,1.1744298330974,1.42106009804785
1.98,1.1775404573115,1.42482395334692
2,1.17976989817823,1.42752157679566
2.02,1.1767087537266,1.42381759200919
2.04,1.18244486813358,1.43075829044163
2.06,1.18816614389247,1.43768103410988
2.08,1.18916614203769,1.43889103186561
2.1,1.1800289672441,1.42783505036536
2.12,1.18123691768884,1.4292966704035
2.14,1.18155375714975,1.4296800461512
2.16,1.18958695764836,1.43940021875452
2.18,1.18408023501109,1.43273708436342
2.2,1.18129632508776,1.42936855335619
2.22,1.17184558484102,1.41793315765764
2.24,1.16855837543403,1.41395563427518
2.26,1.16460780980904,1.40917544986894
2.28,1.17087198998421,1.41675510788089
2.3,1.17217562594614,1.41833250739483
2.32,1.17989198698383,1.42766930425044
2.34,1.18096792098652,1.42897118439369
2.36,1.18748293240158,1.43685434820591
2.38,1.19391873395141,1.44464166808121
2.4,1.19765316225748,1.44916032633155
2.42,1.20309060266597,1.45573962922582
2.44,1.20397344942052,1.45680787379883
2.46,1.19860864445845,1.45031645979472
2.48,1.18988399464297,1.43975963351799
2.5,1.17938208667807,1.42705232488046
2.52,1.17863783078438,1.4261517752491
2.54,1.16861778283295,1.41402751722787
2.56,1.16072816341672,1.40448107773423
2.58,1.16525469037507,1.40995817535384
2.6,1.17090333068755,1.41679303013193
2.62,1.17945469572119,1.42714018182265
2.64,1.16968051519144,1.41531342338164
2.66,1.17079278011898,1.41665926394396
2.68,1.16337179266872,1.40767986912916
2.7,1.16662433455803,1.41161544481522
2.72,1.15335340812447,1.3955576238306
2.74,1.14958101188966,1.39099302438649
2.76,1.14938135022271,1.39075143376948
2.78,1.15368178582242,1.39595496084512
2.8,1.15019655175236,1.39173782762035
2.82,1.13731174700849,1.37614721388027
2.84,1.12752272783065,1.36430250067508
2.86,1.12289061412194,1.35869764308755
2.88,1.1173145564493,1.35195061330366
2.9,1.10844801536191,1.34122209858791
2.92,1.10457993360991,1.336541719668
2.94,1.10453866527013,1.33649178497686
2.96,1.11304712496011,1.34678702120173
2.98,1.11187217862588,1.34536533613732
3,1.10927639213248,1.34222443448029
3.02,1.11919909115953,1.35423090030304
3.04,1.12914983047889,1.36627129487945
3.06,1.14020124368217,1.37964350485542
3.08,1.1457096561299,1.38630868391718
3.1,1.15119161248265,1.392941851104
3.12,1.15315538346139,1.39531801398829
3.14,1.14777405004078,1.38880660054934
3.16,1.15113716890195,1.39287597437135
3.18,1.15014704558659,1.39167792515977
3.2,1.13899165623355,1.37817990404259
3.22,1.12790391210542,1.36476373364755
3.24,1.12161992946394,1.35716011465137
3.26,1.12290215235898,1.35871160435436
3.28,1.11964464665145,1.35477002244825
3.3,1.1188360459439,1.35379161559212
3.32,1.11390853224447,1.34782932401581
3.34,1.11110154584707,1.34443287047496
3.36,1.10671363615287,1.33912349974497
3.38,1.09992962803549,1.33091484992294
3.4,1.09226773698179,1.32164396174796
3.42,1.0817988331274,1.30897658808415
3.44,1.08119982172325,1.30825178428513
3.46,1.08364872672324,1.31121495933512
3.48,1.08237640506136,1.30967545012424
3.5,1.07972617498725,1.30646867173457
3.52,1.07837794387119,1.30483731208414
3.54,1.08054301352078,1.30745704636014
3.56,1.0740626696234,1.29961583024431
3.58,1.05850123151702,1.28078649013559
3.6,1.04852242550208,1.26871213485752
3.62,1.04952081304672,1.26992018378653
3.64,1.05580973310312,1.27752977705478
3.66,1.05886924055087,1.28123178106655
3.68,1.05975538771647,1.28230401913693
3.7,1.06067620239975,1.2834182049037
3.72,1.06679186407762,1.29081815553392
3.74,1.07810403615723,1.30450588375025
3.76,1.08026910580681,1.30712561802624
3.78,1.07684821655061,1.30298634202623
3.8,1.06616314897401,1.29005741025855
3.82,1.0748877723862,1.3006142045873
3.84,1.08481540882819,1.31262664468211
3.86,1.09834709413809,1.32899998390709
3.88,1.10586543051271,1.33809717092038
3.9,1.10814931496014,1.34086067110176
3.92,1.11095960176858,1.34426111813999
3.94,1.10871204824601,1.34154157837767
3.96,1.12002749433338,1.3552332681434
3.98,1.13360868580905,1.37166650982895
4,1.14248679153676,1.38240901775948
4.02,1.14228546646264,1.3821654144198
4.04,1.12923400416234,1.36637314503643
4.06,1.11750761729415,1.35218421692593
4.08,1.11700595481437,1.35157720532539
4.1,1.12212325535089,1.35776913897458
4.12,1.12453915624037,1.36069237905085
4.14,1.11856871264876,1.353468142305
4.16,1.11766936383895,1.35237993024513
4.18,1.11772380741965,1.35244580697778
4.2,1.11124180011511,1.34460257813928
4.22,1.09856658467464,1.32926556745631
4.24,1.08851516961658,1.31710335523606
4.26,1.0863154588526,1.31444170521165
4.28,1.08386655385262,1.31147853016167
4.3,1.08158760682012,1.30872100425235
4.32,1.07575081667444,1.30165848817607
4.34,1.07800666082958,1.30438805960379
4.36,1.07616503146301,1.30215968807024
4.38,1.06915659539415,1.29367948042693
4.4,1.06108215295905,1.28390940508045
4.42,1.0587388611127,1.28107402194637
4.44,1.06574893418544,1.28955621036438
4.46,1.06710540312748,1.29119753778425
4.48,1.06393534511116,1.28736176758451
4.5,1.06558391363288,1.28935653549578
4.52,1.05952599594677,1.28202645509559
4.54,1.0483656691788,1.26852245970635
4.56,1.04029286374758,1.25875436513457
4.58,1.04034236991334,1.25881426759515
4.6,1.05179976007921,1.27267770969584
4.62,1.0498937594955,1.27037144898956
4.64,1.04928318345103,1.26963265197575
4.66,1.042705464226,1.26167361171346
4.68,1.04154535653986,1.26026988141323
4.7,1.03405342345365,1.25120464237891
4.72,1.04038033784208,1.25886020878891
4.74,1.04284904530837,1.26184734482313
4.76,1.04573360456711,1.26533766152621
4.78,1.0304180338824,1.24680582099771
4.8,1.01318328737306,1.22595177772141
4.82,1.00521279468443,1.21630748156816
4.84,1.00199819432057,1.21241781512788
4.86,0.99479999781791,1.20370799735967
4.88,0.993077183249186,1.20162339173151
4.9,0.992811486957921,1.20130189921908
4.92,1.00290414395247,1.21351401418249
4.94,0.995068968116938,1.20403345142149
4.96,0.98869590078037,1.19632203994425
4.98,0.986237068143941,1.19334685245417
5,0.989669495637184,1.19750008972099
5.02,0.99363825312789,1.20230228628475
5.04,0.993537577389184,1.20218046864091
5.06,0.99311348777075,1.20166732020261
5.08,0.994060705742442,1.20281345394835
5.1,0.991821363642563,1.2001038500075
5.12,0.996496409098224,1.20576065500885
5.14,0.996314886490408,1.20554101265339
5.16,0.999339700017184,1.20920103702079
5.18,0.990684385237071,1.19872810613686
5.2,0.990831240327205,1.19890580079592
5.22,0.988745380542849,1.19638191045685
5.24,0.995517824019901,1.20457656706408
5.26,0.992304887063206,1.20068891334648
5.28,0.984179275055166,1.19085692281675
5.3,0.972499120344988,1.17672393561744
5.32,0.96822178762264,1.17154836302339
5.34,0.972342337618412,1.17653422851828
5.36,0.978139522831479,1.18354882262609
5.38,0.977121332820542,1.18231681271286
5.4,0.971433087575453,1.1754340359663
5.42,0.972202083350381,1.17636452085396
5.44,0.972961177892155,1.17728302524951
5.46,0.975530534693866,1.18039194697958
5.48,0.978713794354388,1.18424369116881
5.5,0.98571066578292,1.19270990559733
5.52,0.988920328731851,1.19659359776554
5.54,0.986976360219409,1.19424139586548
5.56,0.981378863076583,1.18746842432267
5.58,0.982882213512047,1.18928747834958
5.6,0.986608377588845,1.1937961368825
5.62,0.992172870621159,1.2005291734516
5.64,0.989100187932497,1.19681122739832
5.66,0.984900428071496,1.19172951796651
5.68,0.977588354185931,1.18288190856498
5.7,0.972754915403101,1.17703344763775
5.72,0.968231688855794,1.17156034351551
5.74,0.966800973866745,1.16982917837876
5.76,0.971631112238524,1.17567364580861
5.78,0.972231787049842,1.17640046233031
5.8,0.97203542579394,1.17616286521067
5.82,0.969728412065866,1.1733713785997
5.84,0.972579967214099,1.17682176032906
5.86,0.975804495214404,1.18072343920943
5.88,0.97488038012007,1.17960525994528
5.9,0.965378470300391,1.16810794906347
5.92,0.962931228707575,1.16514678673617
5.94,0.964720051497323,1.16731126231176
5.96,0.975759926463569,1.18066951102092
5.98,0.982736995425794,1.18911176446521
6,0.984017554913657,1.19066124144553
6.02,0.984923504545566,1.19175744050014
6.04,0.977667564051159,1.1829777525019
6.06,0.973134436270699,1.17749266788755
6.08,0.963040142272265,1.16527857214944
6.1,0.963908150378729,1.16632886195826
6.12,0.959635755071314,1.16115926363629
6.14,0.965852092487882,1.16868103191034
6.16,0.961462545789793,1.16336968040565
6.18,0.959342044891045,1.16080387431816
6.2,0.942612234869253,1.1405608041918
6.22,0.938183083238548,1.13520153071864
6.24,0.940303610540585,1.13776736875411
6.26,0.950828621382845,1.15050263187324
6.28,0.948293905695527,1.14743562589159
6.3,0.943821848721159,1.1420244369526
6.32,0.931364434006781,1.12695096514821
6.34,0.924095291868169,1.11815530316049
6.36,0.907660881837102,1.09826966702289
6.38,0.901688801241609,1.09104344950235
6.4,0.899868637748519,1.08884105167571
6.42,0.906639417818401,1.09703369556027
6.44,0.910644453427381,1.10187978864713
6.46,0.919680978885552,1.11281398445152
6.48,0.922022633728018,1.1156473868109
6.5,0.922623308539336,1.1163742033326
6.52,0.919047299963723,1.1120472329561
6.54,0.917600082919418,1.1102961003325
6.56,0.918908682699572,1.11187950606648
6.58,0.919337736136228,1.11239866072484
6.6,0.927639933337152,1.12244431933795
6.62,0.93222090387621,1.12798729369021
6.64,0.937994986211919,1.13497393331642
6.66,0.931597126187534,1.12723252268692
6.68,0.926291728624383,1.1208129916355
6.7,0.914479531068869,1.10652023259333
6.72,0.913864017609466,1.10577546130745
6.74,0.90851238788831,1.09929998934486
6.76,0.909457968856121,1.10044414231591
6.78,0.903642644583916,1.09340759994654
6.8,0.901657460538267,1.0910055272513
6.82,0.89721178044902,1.08562625434331
6.84,0.892658876605541,1.0801172406927
6.86,0.890163765850838,1.07709815667951
6.88,0.880643716972023,1.06557889753615
6.9,0.875034681592162,1.05879196472652
6.92,0.872410854806463,1.05561713431582
6.94,0.876478598225415,1.06053910385275
6.96,0.873433982232333,1.05685511850112
6.98,0.868230897411768,1.05055938586824
7,0.858903935781092,1.03927376229512
7.02,0.854824627721816,1.0343377995434
7.04,0.85347969701681,1.03271043339034
7.06,0.856639853799973,1.03653422309797
7.08,0.8547784219671,1.03428189058019
7.1,0.84762313080811,1.02562398827781
7.12,0.836173978468227,1.01177051394656
7.14,0.830254704449555,1.00460819238396
7.16,0.821929404371272,0.994534579289239
7.18,0.815942458724405,0.98729037505653
7.2,0.816876501455182,0.98842056676077
7.22,0.82051849184853,0.992827375136721
7.24,0.818346821376844,0.990199653865981
7.26,0.812665176953857,0.983324864114167
7.28,0.810590855406537,0.98081493504191
7.3,0.815810442282357,0.987130635161652
7.32,0.818252746460241,0.990085823216892
7.34,0.817927669173343,0.989692479699745
7.36,0.814757637560314,0.98585674144798
7.38,0.815109118135622,0.986282032944103
7.4,0.811523234730143,0.981943114023473
7.42,0.810592518813706,0.980816947764585
7.44,0.809308632511503,0.979263445338919
7.46,0.810226146783735,0.98037363760832
7.48,0.802729276282591,0.971302424301936
7.5,0.797562495983591,0.965050620140145
7.52,0.790524356215274,0.956534471020481
7.54,0.789004503724555,0.954695449506711
7.56,0.784494505224741,0.949238351321937
7.58,0.780811246491608,0.944781608254846
7.6,0.770553568944495,0.932369818422839
7.62,0.761178764555222,0.921026305111818
7.64,0.756566426909533,0.915445376560535
7.66,0.754158763846042,0.912532104253711
7.68,0.752105908172199,0.910048148888361
7.7,0.744140379301785,0.90040985895516
7.72,0.746543078547055,0.903317125041937
7.74,0.746345053883984,0.90307751519962
7.76,0.749638864113076,0.907063025576822
7.78,0.74453476522076,0.900887065917119
7.8,0.739367984921759,0.894635261755328
7.82,0.733318331464919,0.887315181072552
7.84,0.732191227889292,0.885951385746044
7.86,0.735499903169759,0.889954882835408
7.88,0.7355312438731,0.889992805086451
7.9,0.734697903284319,0.888984462974026
7.92,0.729958513014803,0.883249800747911
7.94,0.734546084375963,0.888800762094915
7.96,0.736838206649374,0.891574230045742
7.98,0.741079261253447,0.896705906116671
8,0.733590602174998,0.887644628631748
8.02,0.733656610396022,0.887724498579187
8.04,0.735004841512079,0.889355858229616
8.06,0.738727705177827,0.89386052326517
8.08,0.735097253021513,0.88946767615603
8.1,0.728861139541925,0.881921978845729
8.12,0.731765501266975,0.88543625653304
8.14,0.734651697529601,0.888928554010817
8.16,0.735490001936604,0.889942902343291
8.18,0.729280265342138,0.882429121063987
8.2,0.728927147762949,0.882001848793168
8.22,0.725065666833051,0.877329456867992
8.24,0.723131625957052,0.874989267408032
8.26,0.719978069995991,0.871173464695149
8.28,0.719240414924405,0.87028090205853
8.3,0.716090185777683,0.866469124790996
8.32,0.712142894160455,0.86169290193415
8.34,0.703878664888263,0.851693184514798
8.36,0.703834096137428,0.851639256326288
8.38,0.69836861543665,0.845026024678347
8.4,0.696497308773911,0.842761743616432
8.42,0.690553242067421,0.83556942290158
8.44,0.685865021370844,0.829896675858721
8.46,0.684402939275164,0.828127556522949
8.48,0.681982100970758,0.825198342174617
8.5,0.68215205893825,0.825403991315283
8.52,0.675737723261897,0.817642645146895
8.54,0.671003270407315,0.811913957192851
8.56,0.668013097994932,0.808295848573867
8.58,0.669392669814332,0.809965130475341
8.6,0.664130151191558,0.803597482941785
8.62,0.652019306040843,0.78894336030942
8.64,0.640111422968134,0.774534821791442
8.66,0.633867045259273,0.76697912476372
8.68,0.636616287664919,0.770305708074552
8.7,0.633626115252536,0.766687599455568
8.72,0.62650546520794,0.758071612901607
8.74,0.615008496512748,0.744160280780424
8.76,0.611792232741714,0.740268601617474
8.78,0.615275829807894,0.744483754067552
8.8,0.620198406092395,0.750440071371798
8.82,0.625142421847085,0.756422330434973
8.84,0.626071474356352,0.757546483971186
8.86,0.62526451065269,0.756570057889755
8.88,0.623016957130115,0.753850518127439
8.9,0.619807294181184,0.749966825959232
8.92,0.620066389650347,0.75028033147692
8.94,0.621099391906083,0.751530264206361
8.96,0.620967375464036,0.751370524311483
8.98,0.622295804113785,0.75297792297768
9,0.624533482806495,0.755685514195859
9.02,0.625858584641905,0.757288887416705
9.04,0.626408116283574,0.757953820703124
9.06,0.61869341865305,0.74861903657019
9.08,0.611044702840262,0.739364090436718
9.1,0.602237569151795,0.728707458673672
9.12,0.597730844659744,0.72325432203829
9.14,0.595229133082938,0.720227251030355
9.16,0.587846113561416,0.711293797409314
9.18,0.58269253490662,0.70505796723701
9.2,0.577892073831014,0.699249409335527
9.22,0.575306214974047,0.696120520118597
9.24,0.571350659127546,0.69133429754433
9.26,0.569385277548204,0.688956185833326
9.28,0.570306065828199,0.690070339652121
9.3,0.573119679450986,0.693474812135693
9.32,0.573177423442738,0.693544682365713
9.34,0.572858946977942,0.69315932584331
9.36,0.570936470742265,0.690833129598141
9.38,0.570910067453856,0.690801181619166
9.4,0.566603004628758,0.685589635600797
9.42,0.566340635151832,0.685272168533717
9.44,0.561218397200379,0.679074260612459
9.46,0.557485632301477,0.674557615084787
9.48,0.550356744430897,0.665931660761385
9.5,0.547355007378191,0.662299558927611
9.52,0.547868234498296,0.662920563742938
9.54,0.54815703366692,0.663270010736974
9.56,0.547955682189509,0.663026375449306
9.58,0.546391287351242,0.661133457695003
9.6,0.542227832011805,0.656095676734284
9.62,0.53693727309674,0.649694100447056
9.64,0.531882680370192,0.643578043247932
9.66,0.525602024543057,0.635978449697099
9.68,0.523182796839243,0.633051184175484
9.7,0.516898814197769,0.6254475651793
9.72,0.515055547827321,0.623217212871058
9.74,0.508410156974096,0.615176289938656
9.76,0.507481104464828,0.614052136402442
9.78,0.500705360576726,0.605853486297838
9.8,0.494320728599834,0.598128081605799
9.82,0.485439296057782,0.587381548229916
9.84,0.48361086833542,0.585169150685859
9.86,0.48546406234231,0.587411515434195
9.88,0.489393188497112,0.592165758081506
9.9,0.491172136456995,0.594318285112964
9.92,0.488871723551025,0.59153478549674
9.94,0.482303905559147,0.583587725726567
9.96,0.479531560276143,0.580233187934134
9.98,0.478584368707739,0.579087086136364
10,0.481260975666969,0.582325780557033
10.02,0.480605857274952,0.581533087302692
10.04,0.480102557791288,0.580924094927459
10.06,0.476231149224949,0.576239690562188
10.08,0.474171692729004,0.573747748202094
10.1,0.472534688847611,0.571766973505609
10.12,0.473825175971917,0.573328462926019
10.14,0.47759424539238,0.57788903692478
10.16,0.480295618636139,0.581157698549728
10.18,0.483414507079518,0.584931553566217
10.2,0.483480515300542,0.585011423513656
10.22,0.48858625119674,0.591189363948056
10.24,0.489719955594469,0.592561146269308
10.26,0.492502175707338,0.595927632605879
10.28,0.488761172982454,0.591401019308769
10.3,0.488408028999975,0.59097371508997
10.32,0.490366836160504,0.59334387175421
10.34,0.491619328952788,0.594859388032873
10.36,0.494026965612991,0.597772628391718
10.38,0.489571410693878,0.592381406939592
10.4,0.490153946446057,0.593086275199729
10.42,0.484048186001347,0.58569830506163
10.44,0.481945824161736,0.583154447235701
10.46,0.4817923682495,0.582968765581895
10.48,0.485333682904144,0.587253756314014
10.5,0.485568038492066,0.5875373265754
10.52,0.481287378955379,0.582357728536009
10.54,0.480544812872149,0.5814592235753
10.56,0.478681717632105,0.579204878334847
10.58,0.477817009936692,0.578158582023397
10.6,0.475878031645759,0.575812418291368
10.62,0.473104022955586,0.572455867776259
10.64,0.471803661001415,0.570882429811712
10.66,0.468156706789845,0.566469615215713
10.68,0.468585760226501,0.566988769874066
10.7,0.466209464269641,0.564113451766265
10.72,0.464201177346633,0.561683424589426
10.74,0.462169761142978,0.559225410983003
10.76,0.46087600001091,0.557659960013202
10.78,0.457715843227747,0.553836170305574
10.8,0.453309820877692,0.548504883262007
10.82,0.452209120590473,0.547173035914473
10.84,0.456491417131042,0.552354614728561
10.86,0.462724230199579,0.559896318541491
10.88,0.465551019063283,0.563316733066573
10.9,0.462597177575752,0.55974258486666
10.92,0.458509605287204,0.554796622397516
10.94,0.455080478205012,0.550647378628065
10.96,0.456456749613361,0.552312667032167
10.98,0.45413326023332,0.549501244882317
11,0.4527817551095,0.547865923682495
11.02,0.446826150165975,0.54065964170083
11.04,0.439768207931352,0.532119531596936
11.06,0.429512193791408,0.519709754487604
11.08,0.42006808077006,0.508282377731772
11.1,0.420361790950327,0.508637767049896
11.12,0.421195157942399,0.509646141110302
11.14,0.422447650734683,0.511161657388966
11.16,0.418605972271091,0.506513226448021
11.18,0.418604335267211,0.506511245673325
11.2,0.420929461651133,0.509324648597871
11.22,0.419754515316908,0.507902963533459
11.24,0.412257644815764,0.498831750227074
11.26,0.406080938735097,0.491357935869468
11.28,0.403374601673118,0.488083268024473
11.3,0.4036534732053,0.488420702578412
11.32,0.401009843953293,0.485221911183484
11.34,0.398699556217456,0.482426463023122
11.36,0.397884354687811,0.481440069172251
11.38,0.39478526871074,0.477690175139995
11.4,0.391565730931943,0.473794534427651
11.42,0.389024414422523,0.470719541451253
11.44,0.391163080783698,0.473307327748275
11.46,0.393489844171501,0.476122711447517
11.48,0.394960190496453,0.477901830500708
11.5,0.391854503697278,0.474143949473707
11.52,0.389722438158207,0.471564150171431
11.54,0.388621764274278,0.470232334771877
11.56,0.391115211621811,0.473249406062391
11.58,0.388795022652822,0.470441977409914
11.6,0.386676158757954,0.467878152097124
11.62,0.385938503686368,0.466985589460505
11.64,0.39146999260817,0.473678691055885
11.66,0.396022922854937,0.479187736654474
11.68,0.394476693479096,0.477316799109707
11.7,0.387290035213477,0.468620942608307
11.72,0.380030767904729,0.459837229164723
11.74,0.371182392279766,0.449130694658517
11.76,0.363739938956034,0.440125326136801
11.78,0.355158870222928,0.429742232969743
11.8,0.3519888386099,0.425906494717979
11.82,0.352507003144937,0.426533473805374
11.84,0.353879974142234,0.428194768712103
11.86,0.351615892161114,0.425455229514948
11.88,0.348058049047927,0.421150239347991
11.9,0.344755974589562,0.41715472925337
11.92,0.34795573630534,0.421026440929461
11.94,0.349647183767433,0.423073092358594
11.96,0.351440970375401,0.425243574154235
11.98,0.350257786215192,0.423811921320383
12,0.349592740186732,0.423007215625946
12.02,0.346353373538341,0.419087581981392
12.04,0.343024922194855,0.415060155855774
12.06,0.340764140624787,0.412324610155992
12.08,0.341414321601873,0.413111329138266
12.1,0.342500156837715,0.414425189773636
12.12,0.342003431772866,0.413824152445168
12.14,0.345260963883683,0.417765766299257
12.16,0.349612542653039,0.423031176610178
12.18,0.352470698623374,0.426489545334282
12.2,0.350932707073518,0.424628575558957
12.22,0.348081151925285,0.421178193829595
12.24,0.348270938762373,0.421407835902472
12.26,0.347779151112457,0.420812772846073
12.28,0.343577754247574,0.415729082639565
12.3,0.341729524058905,0.413492724111275
12.32,0.33985982799676,0.411230391876079
12.34,0.343871464427842,0.416084471957689
12.36,0.345440823084329,0.417983395932038
12.38,0.344326921152908,0.416635574595018
12.4,0.343685004405094,0.415858855330163
12.42,0.343714708104554,0.415894796806511
12.44,0.345592641992684,0.418167096811148
12.46,0.345762626363465,0.418372777899793
12.48,0.340351589243387,0.411825422984498
12.5,0.336612223522384,0.407300790462085
12.52,0.332324989566882,0.402113237375927
12.54,0.328970134934988,0.398053863271335
12.56,0.325653195425248,0.39404036646455
12.58,0.322516167922732,0.390244563186506
12.6,0.322242233805483,0.389913102904635
12.62,0.322016142446832,0.389639532360666
12.64,0.324153171804125,0.392225337882991
12.66,0.327503089021087,0.396278737715516
12.68,0.328059221484858,0.396951657996678
12.7,0.326554234045513,0.395130623195071
12.72,0.321890726826886,0.389487779460533
12.74,0.32554758227161,0.393912574548648
12.76,0.326913952446805,0.395565882460634
12.78,0.331159944465811,0.400703532803631
12.8,0.330631878697619,0.400064573224119
12.82,0.32930345004787,0.398457174557923
12.84,0.326090513091176,0.394569520840323
12.86,0.324413904277169,0.392540824175374
12.88,0.324313228538464,0.392419006531541
12.9,0.325210940344388,0.39350523781671
12.92,0.322910580244994,0.390721802096443
12.94,0.323598702747524,0.391554430324504
12.96,0.323969985789139,0.392003682804858
12.98,0.327511353250359,0.396288737432935
13,0.327382610816074,0.396132959087449
13.02,0.326666448021253,0.395266402105717
13.04,0.32345018425022,0.391374722942766
13.06,0.320489715537299,0.387792555800132
13.08,0.315951650341907,0.382301496913707
13.1,0.315243698969781,0.381444875753435
13.12,0.317707469021142,0.384426037515582
13.14,0.321722432266564,0.389284143042542
13.16,0.319880802899997,0.387055771508996
13.18,0.318626646700544,0.385538242507658
13.2,0.319063937963182,0.386067364935451
13.22,0.322431994239283,0.390142713029532
13.24,0.323762086296203,0.391752124418405
13.26,0.32378022535534,0.391774072679962
13.28,0.323557460811029,0.391504527581345
13.3,0.320294991285278,0.387556939455186
13.32,0.319534233336333,0.386636422336963
13.34,0.319087040840541,0.386095319417054
13.36,0.321184438861931,0.388633171022936
13.38,0.32068277638215,0.388026159422401
13.4,0.32010686785536,0.387329310104985
13.42,0.319212456460486,0.386247072317188
13.44,0.3213214191222,0.388798917137862
13.46,0.322796702862083,0.390584010463121
13.48,0.322753797518418,0.390532094997286
13.5,0.320324694984739,0.387592880931535
13.52,0.320204243183015,0.387447134251448
13.54,0.318823007956446,0.385775839627299
13.56,0.319889040725981,0.387065739278437
13.58,0.31933457166938,0.38639483171995
13.6,0.320334596217893,0.387604861423651
13.62,0.318042447541194,0.384831361524845
13.64,0.316304794324384,0.382728801132505
13.66,0.31822893396723,0.385057010100349
13.68,0.322007904620849,0.389629564591227
13.7,0.324573987414797,0.392734524771904
13.72,0.324174611274314,0.392251279641919
13.74,0.323583864099438,0.39153647556032
13.76,0.321215805968562,0.38867112522196
13.78,0.320697641433524,0.388044146134564
13.8,0.319488027581617,0.386580513373756
13.82,0.319563963439083,0.38667239576129
13.84,0.321022745123711,0.388437521599691
13.86,0.321093690759667,0.388523365819197
13.88,0.3225656740885,0.390304465647085
13.9,0.322527732563055,0.390258556401297
13.92,0.322765362158742,0.390546088212078
13.94,0.321966662684353,0.389579661848067
13.96,0.3209088677408,0.388299729966368
13.98,0.31878010261278,0.385723924161464
14,0.319009494382482,0.386001488202803
14.02,0.316286628861959,0.38270682092297
14.04,0.316469814876944,0.382928476001102
14.06,0.316195880759695,0.382597015719231
14.08,0.316276754032093,0.382694872378832
14.1,0.317390629560227,0.384042661767874
14.12,0.316676077365999,0.383178053612859
14.14,0.317166201608746,0.383771103946582
14.16,0.319983089239296,0.387179537979548
14.18,0.321770275025162,0.389342032780446
14.2,0.323907304382455,0.39192783830277
14.22,0.320742183781071,0.388098042375096
14.24,0.320182777309537,0.38742116054454
14.26,0.318879114944316,0.385843729082622
14.28,0.3209088677408,0.388299729966368
14.3,0.320686103196489,0.388030184867751
14.32,0.319223994697521,0.386261033584001
14.34,0.315765163915869,0.382075848338202
14.36,0.313689231767956,0.379563970439227
14.38,0.315360876763742,0.381586660884128
14.4,0.315557264422932,0.381824289951748
14.42,0.317943435209658,0.384711556603687
14.44,0.315803131844602,0.382121789531968
14.46,0.316199181170746,0.382601009216603
14.48,0.312585231069688,0.378228129594322
14.5,0.315393880874254,0.381626595857848
14.52,0.317258613118179,0.383882921872997
14.54,0.322004604209796,0.389625571093854
14.56,0.320227319657084,0.387475056785072
14.58,0.317877426988635,0.384631686656248
14.6,0.315534135142286,0.381796303522166
14.62,0.318956687805663,0.385937592244852
14.64,0.321354423232712,0.388838852111582
14.66,0.321639895586996,0.389184273660265
14.68,0.318351049176124,0.38520476950311
14.7,0.317915394917367,0.384677627850014
14.72,0.318436859863455,0.385308600434781
14.74,0.318124984220762,0.384931230907122
14.76,0.318205831089872,0.385029055618745
14.78,0.315217295681372,0.38141292777446
14.8,0.315664514580452,0.381954062642347
14.82,0.314256902468762,0.380250851987202
14.84,0.314459864546766,0.380496436101587
14.86,0.309928400173476,0.375013364209906
14.88,0.305522351420132,0.369682045218359
14.9,0.306560343897376,0.370938016115825
14.92,0.308360704924159,0.373116452958232
14.94,0.309992771390619,0.375091253382648
14.96,0.307363980786698,0.371910416751905
14.98,0.307553741220498,0.372140026876802
15,0.306423363637108,0.3707722700009
15.02,0.306761642568211,0.371181587507535
15.04,0.30776169352001,0.372391649159213
15.06,0.309344227417415,0.374306515175072
15.08,0.308354104102056,0.373108465963488
15.1,0.305030590173503,0.369087014109939
15.12,0.30576658183792,0.369977564023883
15.14,0.309580193605931,0.374592034263176
15.16,0.310892120200425,0.376179465442514
15.18,0.307793034223353,0.372429571410257
15.2,0.303967857815019,0.367801107956173
15.22,0.305147767967466,0.369228799240633
15.24,0.307182458178883,0.371690774396448
15.26,0.309022450541568,0.373917165155297
15.28,0.312421873924298,0.378030467448401
15.3,0.314709032379487,0.38079792917918
15.32,0.3172305464226,0.383848961171346
15.34,0.316544060923951,0.383018313717981
15.36,0.3179533628461,0.384723569043781
15.38,0.314047313165366,0.379997248930093
15.4,0.311270004064143,0.376636704917612
15.42,0.310487833048298,0.375690277988441
15.44,0.314468128776038,0.380506435819006
15.46,0.317453337370199,0.384118538217941
15.48,0.317384028738124,0.38403467477313
15.5,0.315093543468596,0.381263187597001
15.52,0.313407033421436,0.379222510439937
15.54,0.315496193616841,0.381750394276378
15.56,0.31596155157506,0.382313477405823
15.58,0.314925222504984,0.381059519231031
15.6,0.310406959775899,0.375592421328838
15.62,0.308264993003674,0.373000641534446
15.64,0.307923387258231,0.37258729858246
15.66,0.306378794886272,0.370718341812389
15.68,0.307971256420117,0.372645220268342
15.7,0.312456515038692,0.378072383196817
15.72,0.31734442380551,0.383986752804667
15.74,0.319623370838004,0.386744278713985
15.76,0.319679451422587,0.38681213622133
15.78,0.320801591179993,0.388169925327791
15.8,0.32273235804823,0.390506153238358
15.82,0.325366086067083,0.393692964141171
15.84,0.329948693610023,0.399237919268128
15.86,0.331255656386295,0.400819344227417
15.88,0.332461969827152,0.402278983490853
15.9,0.332245779701653,0.402017393439001
15.92,0.333716126026605,0.403796512492192
15.94,0.33254117969238,0.40237482742778
15.96,0.331750718043975,0.40141836883321
15.98,0.33350653672321,0.403542909435085
16,0.338325136857954,0.409373415598124
16.02,0.339231086489863,0.410469614652734
16.04,0.339590857697732,0.410904937814255
16.06,0.33624091407748,0.406851506033751
16.08,0.336318486938828,0.406945369195982
16.1,0.336825113236831,0.407558387016565
16.12,0.339401070860643,0.410675295741378
16.14,0.34279225641739,0.414778630265041
16.16,0.34555303706007,0.418119174842684
16.18,0.346561325837855,0.419339204263804
16.2,0.345359976215219,0.417885571220415
16.22,0.343381366588384,0.415491453571945
16.24,0.339840025530453,0.411206430891848
16.26,0.335283794872634,0.405693391795887
16.28,0.328480010692241,0.397460812937611
16.3,0.326080611858022,0.394557540348207
16.32,0.324437007154527,0.392568778656978
16.34,0.322770299573674,0.390552062484145
16.36,0.321628357349961,0.389170312393453
16.38,0.322016142446832,0.389639532360666
16.4,0.321846184479339,0.389433883220001
16.42,0.32217622558446,0.389833232957196
16.44,0.323044233690924,0.390883522766018
16.46,0.324816554425415,0.393028030854752
16.48,0.324806653192262,0.393016050362637
16.5,0.324514580015875,0.392662641819209
16.52,0.324443607976629,0.392576765651722
16.54,0.324569023596575,0.392728518551855
16.56,0.325671360887675,0.394062346674086
16.58,0.325582249789292,0.393954522245044
16.6,0.324545920719216,0.392700564070252
16.62,0.32077191388382,0.388134015799422
16.64,0.321314818300098,0.388790930143118
16.66,0.320362662913472,0.387638822125301
16.68,0.319131583188088,0.386149215657586
16.7,0.317855987518446,0.384605744897319
16.72,0.317989640964375,0.384767465566894
16.74,0.317360925860766,0.384006720291527
16.76,0.316920307783787,0.383473572418382
16.78,0.320334596217893,0.387604861423651
16.8,0.323961747963156,0.391993715035418
16.82,0.327691212451005,0.396506367065716
16.84,0.325811615155706,0.394232054338404
16.86,0.322133320240794,0.389781317491361
16.88,0.319717419351319,0.386858077415096
16.9,0.319727320584473,0.386870057907212
16.92,0.32096497472867,0.388367619421691
16.94,0.319275164270459,0.386322948767255
16.96,0.31380638315863,0.379705723621942
16.98,0.31330965809378,0.379104686293474
17,0.313758513996743,0.379647801936059
17.02,0.317006118471119,0.383577403350054
17.04,0.318390654108738,0.385252691471574
17.06,0.319248760982049,0.386291000788279
17.08,0.321149797747538,0.388591255274521
17.1,0.321887452819124,0.38948381791114
17.12,0.31936097495779,0.386426779698925
17.14,0.316648037073708,0.383144124859186
17.16,0.311684218852712,0.377137904811782
17.18,0.310489470052179,0.375692258763136
17.2,0.306040515955169,0.370309024305754
17.22,0.303070146009094,0.366714876671004
17.24,0.301264821164091,0.36453043360855
17.26,0.299188862612889,0.362018523761595
17.28,0.300589873902477,0.363713747421997
17.3,0.297700377228801,0.360217456446849
17.32,0.295551809634472,0.357617689657711
17.34,0.296876937873171,0.359221094826537
17.36,0.29968556127445,0.362619529142084
17.38,0.301195512532016,0.364446570163739
17.4,0.296989151848912,0.359356873737183
17.42,0.293706879856855,0.355385324626794
17.44,0.293898303697824,0.355616947474367
17.46,0.296155784856841,0.358348499676778
17.48,0.297003990496998,0.359374828501368
17.5,0.299413290564371,0.362290081582888
17.52,0.303938154115558,0.367765166479825
17.54,0.307062006377158,0.371545027716361
17.56,0.311146251851367,0.376486964740154
17.58,0.310345888969808,0.375518525653468
17.6,0.313936736193508,0.379863450794144
17.62,0.315827898129131,0.382151756736248
17.64,0.314986266907787,0.381133382958423
17.66,0.314958226615496,0.38109945420475
17.68,0.314636423336361,0.380710072236997
17.7,0.314133123852699,0.380101079861765
17.72,0.31168258184883,0.377135924037085
17.74,0.309791419913207,0.37484761809498
17.76,0.313855889324397,0.379765626082521
17.78,0.315190892392961,0.381380979795483
17.8,0.313654564250275,0.379522022742833
17.82,0.311631412275893,0.37707400885383
17.84,0.312944975874268,0.378663420807864
17.86,0.315859238832472,0.382189678987291
17.88,0.315423584573715,0.381662537334195
17.9,0.316996243641253,0.383565454805917
17.92,0.318700892747552,0.385628080224537
17.94,0.321499641318964,0.389014565995947
17.96,0.323989788255446,0.392027643789089
17.98,0.322351147370173,0.390044888317909
18,0.322988126703053,0.390815633310695
18.02,0.320278489230023,0.387536971968328
18.04,0.317605156278554,0.38430223909705
18.06,0.318659650811056,0.385578177481377
18.08,0.317997905193647,0.384777465284313
18.1,0.320342860447165,0.38761486114107
18.12,0.318742134684048,0.385677982967698
18.14,0.317499543124916,0.384174447181148
18.16,0.316425246126109,0.382874547812591
18.18,0.319209156049435,0.386243078819816
18.2,0.321451798560366,0.388956676258043
18.22,0.324169673859381,0.392245305369851
18.24,0.325217541166491,0.393513224811454
18.26,0.327612002585777,0.39641052312879
18.28,0.332245779701653,0.402017393439001
18.3,0.334678182646384,0.404960601002125
18.32,0.339330098821399,0.410589419573892
18.34,0.339552889768999,0.410858996620489
18.36,0.337881244773213,0.408836306175587
18.38,0.336846552707018,0.407584328775492
18.4,0.335968643367401,0.406522058474555
18.42,0.336843252295967,0.40758033527812
18.44,0.335032963632743,0.405389885995619
18.46,0.341925885314807,0.413730321230917
18.48,0.345708156379477,0.418306869219167
18.5,0.34812405726895,0.42123010929543
18.52,0.343500181386227,0.415635219477335
18.54,0.341795532279929,0.413572594058714
18.56,0.342584304117877,0.414527007982631
18.58,0.341983629306559,0.413800191460936
18.6,0.339939037861988,0.411326235813006
18.62,0.336226075429395,0.406833551269567
18.64,0.334747491278459,0.405044464446936
18.66,0.33300651124731,0.402937878609245
18.68,0.332288685045319,0.402069308904836
18.7,0.331777121332385,0.401450316812185
18.72,0.331093936244787,0.400623662856192
18.74,0.333224338376689,0.403201449435793
18.76,0.33176555669206,0.401436323597393
18.78,0.330749030088293,0.400206326406834
18.8,0.329991598953688,0.399289834733963
18.82,0.331590661309636,0.40122470018466
18.84,0.332483409297339,0.40230492524978
18.86,0.330920651462954,0.400413988270175
18.88,0.330212726494118,0.399557399057883
18.9,0.330732554436326,0.400186390867954
18.92,0.331254019382414,0.40081736345272
18.94,0.325250545277003,0.393553159785173
18.96,0.322511204104511,0.390238556966459
18.98,0.321233971430987,0.388693105431495
19,0.324623467177275,0.392794395284503
19.02,0.323428718376743,0.39134874923586
19.04,0.321851121894272,0.389439857492069
19.06,0.322027707087155,0.389653525575457
19.08,0.320377501561559,0.387656776889486
19.1,0.316766851871552,0.383287890764578
19.12,0.313563816148011,0.379412217539093
19.14,0.314634786332479,0.3807080914623
19.16,0.31753751105365,0.384220388374916
19.18,0.318842810422753,0.385799800611531
19.2,0.320869262808186,0.388251807997905
19.22,0.320247122123391,0.387499017769304
19.24,0.320469913070992,0.3877685948159
19.26,0.319794992212666,0.386951940577326
19.28,0.320524356651693,0.387834471548548
19.3,0.320451747608565,0.387746614606364
19.32,0.322082150667855,0.389719402308105
19.34,0.324988175800077,0.393235692718093
19.36,0.324641632639701,0.392816375494038
19.38,0.32179504130969,0.389371999984725
19.4,0.316199181170746,0.382601009216603
19.42,0.31394333701561,0.379871437788888
19.44,0.311336012285166,0.376716574865051
19.46,0.310274943333851,0.37543268143396
19.48,0.306382121700612,0.37072236725774
19.5,0.302353956810985,0.365848287741291
19.52,0.299111289751542,0.361924660599365
19.54,0.29960967822356,0.362527710650508
19.56,0.301997512417456,0.365416990025122
19.58,0.303948055348712,0.367777146971941
19.6,0.306415125811124,0.37076230223146
19.62,0.30860987275688,0.373417946035824
19.64,0.310426762242206,0.375616382313069
19.66,0.311071979401071,0.376397095075296
19.68,0.31292020958974,0.378633453603585
19.7,0.316214019818832,0.382618963980787
19.72,0.321271912956432,0.388739014677283
19.74,0.322874249320142,0.390677841677372
19.76,0.323428718376743,0.39134874923586
19.78,0.32123890884592,0.388699079703564
19.8,0.321989739158422,0.389607584381691
19.82,0.318737197269115,0.385672008695629
19.84,0.316540786916189,0.383014352168589
19.86,0.314902119627626,0.381031564749427
19.88,0.31930320456275,0.386356877520927
19.9,0.320379138565439,0.387658757664181
19.92,0.319898941959135,0.387077719770553
19.94,0.317519345591223,0.38419840816538
19.96,0.321276850371364,0.38874498894935
19.98,0.321870924360579,0.389463818476301
20,0.323220818883806,0.391097190849406
20.02,0.319341172491482,0.386402818714694
20.04,0.31820419408599,0.385027074844048
20.06,0.315395517878136,0.381628576632545
20.08,0.312973016166559,0.378697349561536
20.1,0.312426811339231,0.378036441720469
20.12,0.31060498443897,0.375832031171154
20.14,0.310722135829644,0.375973784353869
20.16,0.309005922083022,0.373897165720457
20.18,0.309228713030623,0.374166742767054
20.2,0.311700720907968,0.377157872298641
20.22,0.308964680146528,0.373847262977299
20.24,0.306142828697755,0.370432822724284
20.26,0.30214603091476,0.365596697406859
20.28,0.302025579113035,0.365450950726772
20.3,0.300646007293635,0.363781668825299
20.32,0.297035357603629,0.35941278270039
20.34,0.294550121678791,0.356405647231337
20.36,0.292127619967214,0.353474420160329
20.38,0.290510418552128,0.351517606448075
20.4,0.289224921649333,0.349962155195692
20.42,0.29054674947698,0.351561566867146
20.44,0.290340460584636,0.35131195730741
20.46,0.287681992684544,0.348095211148298
20.48,0.281630675820533,0.340773117742846
20.5,0.281762692262582,0.340932857637725
20.52,0.286026823340725,0.346092456242277
20.54,0.293687077390547,0.355361363642562
20.56,0.298669034670682,0.361389531951525
20.58,0.300390212235524,0.363472156804984
20.6,0.301802788165435,0.365181373680176
20.62,0.302655931220524,0.366213676776835
20.64,0.303901849593995,0.367721238008734
20.66,0.307370581608801,0.371918403746649
20.68,0.308964680146528,0.373847262977299
20.7,0.312438349576265,0.378050402987281
20.72,0.311700720907968,0.377157872298641
20.74,0.308685808614346,0.373509828423359
20.76,0.308467981484966,0.373246257596809
20.78,0.305692309387624,0.369887694359025
20.8,0.30621213732983,0.370516686169095
20.82,0.302601487639824,0.366147800044187
20.84,0.304141116193562,0.368010750594211
20.86,0.305230251840456,0.369328604726952
20.88,0.308590070290573,0.373393985051593
20.9,0.310307947444363,0.37547261640768
20.92,0.313265115746233,0.379050790052942
20.94,0.3148295105845,0.380943707807245
20.96,0.318243799018604,0.385074996812511
20.98,0.317948399027879,0.384717562823734
21,0.318067213825722,0.384861328729123
21.02,0.317172802430848,0.383779090941326
21.04,0.319562300031913,0.386670383038615
21.06,0.323743920833776,0.391730144208869
21.08,0.327133442983353,0.395831466009857
21.1,0.330212726494118,0.399557399057883
21.12,0.331598899135619,0.401234667954099
21.14,0.331027928023763,0.400543792908753
21.16,0.33489107236083,0.405218197556604
21.18,0.335957078727078,0.406508065259764
21.2,0.340782279683925,0.412346558417549
21.22,0.337508271921139,0.408385009024579
21.24,0.335919137201633,0.406462156013976
21.26,0.331816726264999,0.401498238780649
21.28,0.326532768172036,0.395104649488164
21.3,0.324404003044015,0.392528843683258
21.32,0.322309905433677,0.389994985574749
21.34,0.324047558650487,0.392097545967089
21.36,0.324836356891722,0.393051991838984
21.38,0.325757171575005,0.394166177605757
21.4,0.329471797414769,0.39866087487187
21.42,0.331732552581548,0.401396388623674
21.44,0.331435515586941,0.401036973860199
21.46,0.331059268727106,0.400581715159798
21.48,0.331744117221873,0.401410381838466
21.5,0.330864570878373,0.400346130762832
21.52,0.328570758794505,0.397570618141351
21.54,0.323776924944289,0.39177007918259
21.56,0.32508058730951,0.393347510644508
21.58,0.323935344674746,0.391961767056443
21.6,0.32411356687151,0.392177415914528
21.62,0.322354447781224,0.390048881815281
21.64,0.321093690759667,0.388523365819197
21.66,0.32079499035789,0.388161938333047
21.68,0.322215830517074,0.389881154925659
21.7,0.32673905706438,0.395354259047899
21.72,0.327286925298878,0.396017179611643
21.74,0.322369312832598,0.390066868527444
21.76,0.316865864203088,0.383407695685736
21.78,0.314532473589893,0.38058429304377
21.8,0.315405445514577,0.381640589072639
21.82,0.315281666898514,0.381490816947202
21.84,0.315869140065626,0.382201659479407
21.86,0.317631559566964,0.384334187076026
21.88,0.318364250820329,0.385220743492598
21.9,0.318110119169387,0.384913244194959
21.92,0.317799880530576,0.384537855441996
21.94,0.32027188840792,0.387528984973584
21.96,0.321702629800256,0.38926018205831
21.98,0.320783452120855,0.388147977066234
22,0.318951723987442,0.385931586024805
22.02,0.316133172949722,0.382521139269164
22.04,0.317326284746372,0.383964804543111
22.06,0.316463214054841,0.382920489006358
22.08,0.317991304371545,0.384769478289569
22.1,0.319963286772989,0.387155576995317
22.12,0.322719156404025,0.390490179248871
22.14,0.323120143145101,0.390975373205572
22.16,0.324364398111401,0.392480921714795
22.18,0.322235632983381,0.389905115909891
22.2,0.322019469261172,0.389643557806018
22.22,0.318732259854182,0.38566603442356
22.24,0.321057386238104,0.388479437348105
22.26,0.319488027581617,0.386580513373756
22.28,0.316748686409125,0.383265910555041
22.3,0.314096819331134,0.380057151390672
22.32,0.312362466525377,0.377958584495706
22.34,0.313992869584667,0.379931372197447
22.36,0.311301371170773,0.376674659116635
22.38,0.309431701511915,0.374412358829417
22.4,0.304456318650595,0.36839214556722
22.42,0.303758268511623,0.367547504899064
22.44,0.307048804732953,0.371529053726874
22.46,0.30745309188508,0.372018241180947
